attack,method,n,mean_z,std_z,percent_z>=tau,tau
No Attack,Non-WM,498,-0.221685,1.203288,0.20,4.0
No Attack,KGW,499,9.102745,2.981565,92.79,4.0
No Attack,SWEET,499,9.703610,2.675949,95.59,4.0
No Attack,Unigram,496,8.782020,3.183380,91.94,4.0
No Attack,EWD,498,10.177377,2.736475,95.38,4.0
No Attack,Rank-Aware,499,14.394049,3.491461,99.80,4.0
Pegasus,Non-WM,2490,0.792626,2.817561,4.62,4.0
Pegasus,KGW,2495,4.786580,2.966811,64.69,4.0
Pegasus,SWEET,2495,4.889891,2.016558,69.54,4.0
Pegasus,Unigram,2480,5.830686,3.295241,76.33,4.0
Pegasus,EWD,2494,5.103539,2.119707,72.01,4.0
Pegasus,Rank-Aware,2495,7.134426,3.083019,84.81,4.0
DIPPER,Non-WM,498,0.227215,1.338410,0.60,4.0
DIPPER,KGW,499,2.674831,1.802581,21.24,4.0
DIPPER,SWEET,499,2.923585,1.729365,26.85,4.0
DIPPER,Unigram,496,3.860213,2.771106,42.54,4.0
DIPPER,EWD,499,2.962943,1.774931,29.46,4.0
DIPPER,Rank-Aware,498,4.393727,2.344044,57.23,4.0
T5-Parrot,Non-WM,2490,0.212200,1.106557,0.08,4.0
T5-Parrot,KGW,2495,5.308257,2.305814,73.11,4.0
T5-Parrot,SWEET,2495,5.691695,2.214389,78.76,4.0
T5-Parrot,Unigram,2480,6.445130,2.665686,82.94,4.0
T5-Parrot,EWD,2490,6.090918,2.195136,83.53,4.0
T5-Parrot,Rank-Aware,2495,7.866245,2.624452,91.66,4.0
EN-DE-EN,Non-WM,498,0.319070,1.076470,0.20,4.0
EN-DE-EN,KGW,499,5.216173,2.178852,73.55,4.0
EN-DE-EN,SWEET,499,5.551382,2.085328,78.96,4.0
EN-DE-EN,Unigram,496,6.646155,2.522503,84.68,4.0
EN-DE-EN,EWD,499,5.859444,2.109711,83.17,4.0
EN-DE-EN,Rank-Aware,499,7.785684,2.681769,91.58,4.0
EN-FR-EN,Non-WM,498,0.145553,1.104175,0.00,4.0
EN-FR-EN,KGW,499,4.441576,2.020101,58.92,4.0
EN-FR-EN,SWEET,499,4.675048,1.921056,64.53,4.0
EN-FR-EN,Unigram,496,5.516891,2.323085,75.00,4.0
EN-FR-EN,EWD,499,4.974595,2.012167,70.74,4.0
EN-FR-EN,Rank-Aware,499,6.371150,2.518311,82.77,4.0
