attack,method,tpr_at_5_fpr,f1_at_5,auroc,tau,tp,fp,fn,tn,n_pos,n_neg
No Attack,KGW,0.980,0.962,0.994,1.772,489,29,10,469,499,498
No Attack,SWEET,0.978,0.961,0.991,1.772,488,29,11,469,499,498
No Attack,Unigram,0.968,0.955,0.993,1.772,482,29,16,469,498,498
No Attack,EWD,0.980,0.962,0.994,1.772,488,29,10,469,498,498
No Attack,DIP,0.810,0.867,0.945,1.772,404,29,95,469,499,498
No Attack,Unbiased,0.793,0.857,0.938,1.772,394,29,103,469,497,498
No Attack,SemanticRAW,0.988,0.966,0.997,1.772,493,29,6,469,499,498
Pegasus,KGW,0.846,0.892,0.945,2.090,2110,125,385,2365,2495,2490
Pegasus,SWEET,0.844,0.891,0.944,2.090,2105,125,390,2365,2495,2490
Pegasus,Unigram,0.918,0.933,0.969,2.090,2285,125,205,2365,2490,2490
Pegasus,EWD,0.856,0.898,0.944,2.090,2135,125,360,2365,2495,2490
Pegasus,DIP,0.004,0.008,0.554,2.090,10,125,2485,2365,2495,2490
Pegasus,Unbiased,0.002,0.004,0.567,2.090,5,125,2480,2365,2485,2490
Pegasus,SemanticRAW,0.950,0.950,0.978,2.090,2370,125,125,2365,2495,2490
DIPPER1,KGW,0.509,0.653,0.859,2.158,254,25,245,473,499,498
DIPPER1,SWEET,0.556,0.693,0.882,2.158,277,25,221,473,498,498
DIPPER1,Unigram,0.781,0.853,0.937,2.158,389,25,109,473,498,498
DIPPER1,EWD,0.580,0.712,0.887,2.158,289,25,209,473,498,498
DIPPER1,DIP,0.000,0.000,0.483,2.158,0,25,499,473,499,498
DIPPER1,Unbiased,0.000,0.000,0.481,2.158,0,25,497,473,497,498
DIPPER1,SemanticRAW,0.820,0.877,0.957,2.158,409,25,90,473,499,498
DIPPER2,KGW,0.457,0.606,0.834,2.030,228,25,271,473,499,498
DIPPER2,SWEET,0.514,0.657,0.848,2.030,256,25,242,473,498,498
DIPPER2,Unigram,0.715,0.810,0.905,2.030,356,25,142,473,498,498
DIPPER2,EWD,0.522,0.664,0.854,2.030,260,25,238,473,498,498
DIPPER2,DIP,0.000,0.000,0.462,2.030,0,25,499,473,499,498
DIPPER2,Unbiased,0.000,0.000,0.464,2.030,0,25,497,473,497,498
DIPPER2,SemanticRAW,0.765,0.843,0.932,2.030,381,25,117,473,498,498
